Unnamed: 0,video_id,video_source,video_type,fps,inference_type,question,depth_info,raw_response,parsed_value
2161,internet_0004,internet,S2MC,25,SS,What is the length of the wood block in cm?,,120 cm,120.0
2162,internet_0004,internet,S2MC,25,SS,What is the thickness of the wood block in cm?,,2.5 cm,2.5
2163,internet_0004,internet,S2MC,25,SD,What is the average velocity of the pencil tip moving on the block in cm/s?,,12.5 cm/s,12.5
2164,internet_0004,internet,S2MC,25,SD,What is the average velocity of the saw cutting the block in cm/s?,,12.5 cm/s,12.5
2165,internet_0005,internet,V2MC,25,DS,What is the distance between the two black road signs in meters?,,4.0 m,4.0
2166,internet_0005,internet,V2MC,25,DS,What is the height of the woman in yellow in meters?,,1.6 m,1.6
2167,internet_0005,internet,V2MC,25,DS,What is the length of the light right above the woman's head in meters?,,2.4 m,2.4
2168,internet_0005,internet,V2MC,25,DS,What is the side length of the floor tiles in meters?,,1.2 m,1.2
2200,internet_0013,internet,V2MC,30,DS,What is the width of the straight-through lane in meters?,,12.0 m,12.0
2201,internet_0013,internet,V2MC,30,DS,What is the width of the roundabout lane in meters?,,12.5 m,12.5
2202,internet_0013,internet,V2MC,30,DS,What is the diameter of the center island planter in meters?,,12.5 m,12.5
2203,internet_0013,internet,V2MC,30,DD,What is the speed of the white car in the roundabout at 3.0s in m/s?,,1.5 m/s,1.5
2204,internet_0013,internet,V2MC,30,DD,What is the speed of the bycicle on the upper left conrner at 3.0s in m/s?,,0.0 m/s,0.0
2205,internet_0013,internet,V2MC,30,DS,What is the distance between the two black cars in the round about at 1.0s in meters?,,15.0 m,15.0
2272,internet_0027,internet,S2MC,25,SS,What is the initial distance between the balck ball and the purple ball in cm?,,22.5 cm,22.5
2273,internet_0027,internet,S2MC,25,SD,What is the white ball's average velocity in 1.00s to 2.00s in cm/s?,,2.5 cm/s,2.5
2274,internet_0027,internet,S2MC,25,SD,What is the velocity of the orange ball at 1.00s in cm/s?,,12.5 cm/s,12.5
2275,internet_0027,internet,S2MC,25,SS,What is the final distance between the purple ball and the black ball in cm?,,15.0 cm,15.0
2276,internet_0027,internet,S2MC,25,SD,What is the acceleration of the yellow ballon the left at 2.00s in cm/s^2?,,12.5 cm/s^2,2.0
2228,internet_0019,internet,A2MC,30,DS,What is the size of the ball in cm?,,25 cm,25.0
2229,internet_0019,internet,A2MC,30,DS,What is the height of the person standing in the middle in cm?,,170 cm,170.0
2230,internet_0019,internet,A2MC,30,DS,What is the height of the person on the left (the passer) in cm?,,150 cm,150.0
2231,internet_0019,internet,A2MC,30,DS,What is the height of the person on the right (the receiver) in cm?,,150 cm,150.0
2232,internet_0019,internet,A2MC,30,DS,What is the distance between the passer and the receiver at 0.00s in meters?,,3.0 m,3.0
2233,internet_0019,internet,A2MC,30,DD,What is the velocity of the ball at 1.00s in m/s?,,3.33 m/s,3.33
2234,internet_0019,internet,A2MC,30,DD,What is the (average) horizontal velocity of the ball in m/s?,,0.0 m/s,0.0
2151,internet_0001,internet,S2SC,24,SS,What is the length of the black car in meters?,,4.5 m,4.5
2152,internet_0001,internet,S2SC,24,SS,What is the width of the black car in meters?,,1.5 m,1.5
2153,internet_0001,internet,S2SC,24,SD,What is the average speed of the black car in m/s?,,12.5 m/s,12.5
139,simulation_0089,simulation,S2MX,24,SS,What is the length of the big bird in meters?,,1.25 m,1.25
140,simulation_0089,simulation,S2MX,24,SS,What is the width of the big bird in meters?,,0.5 m,0.5
141,simulation_0089,simulation,S2MX,24,SS,What is the width of the small bird in meters?,,0.15 m,0.15
142,simulation_0089,simulation,S2MX,24,SD,What is the average speed of the small bird in m/s?,,12.5 m/s,12.5
143,simulation_0089,simulation,S2MX,24,SD,What is the average speed of the big bird in m/s?,,1.5 m/s,1.5
144,simulation_0089,simulation,S2MX,24,SS,What is the horizontal distance(XY-plane) between the big bird and the small bird at 0.5 s in meters?,,15.0 m,15.0
398,simulation_0163,simulation,S2MC,24,SD,What is the speed of the ball at time 0.5s in m/s?,,2.5 m/s,2.5
399,simulation_0163,simulation,S2MC,24,SD,What is the acceleration of the ball at time 0.5s in m/s^2?,,0.00 m/s^2,2.0
400,simulation_0163,simulation,S2MC,24,SD,What is the speed of the ball at time 1s in m/s?,,2.5 m/s,2.5
401,simulation_0163,simulation,S2MC,24,SD,What is the acceleration of the ball at time 1s in m/s^2?,,0.0 m/s^2,2.0
402,simulation_0163,simulation,S2MC,24,SS,What is the height of the bowling pin in meters?,,0.24 m,0.24
403,simulation_0163,simulation,S2MC,24,SS,What is the height of the ball return opening in meters?,,0.35 m,0.35
427,simulation_0171,simulation,S2SS,24,SD,What is the speed of the astronaut at time 0.5s in m/s?,,0.5625 m/s,0.5625
428,simulation_0171,simulation,S2SS,24,SD,What is the acceleration of the astronaut at time 0.5s in m/s^2?,,0.00 m/s^2,2.0
429,simulation_0171,simulation,S2SS,24,SD,What is the speed of the astronaut at time 1s in m/s?,,0.5 m/s,0.5
430,simulation_0171,simulation,S2SS,24,SD,What is the acceleration of the astronaut at time 1s in m/s^2?,,0 m/s^2,2.0
431,simulation_0171,simulation,S2SS,24,SD,What is the speed of the astronaut at time 2s in m/s?,,0.5 m/s,0.5
432,simulation_0171,simulation,S2SS,24,SD,What is the acceleration of the astronaut at time 2s in m/s^2?,,0.00 m/s^2,2.0
433,simulation_0171,simulation,S2SS,24,SD,What is the speed of the astronaut at time 3s in m/s?,,0.5 m/s,0.5
434,simulation_0171,simulation,S2SS,24,SD,What is the acceleration of the astronaut at time 3s in m/s^2?,,0 m/s^2,2.0
513,simulation_0196,simulation,V2MS,30,DS,What is the diameter of the plunge tube in meters?,,0.012 m,0.012
514,simulation_0196,simulation,V2MS,30,DS,What is the width of the droplet in meters?,,0.002 m,0.002
515,simulation_0196,simulation,V2MS,30,DS,What is the horizontal width of the “skynova” text on the bottle in meters?,,0.05 m,0.05
516,simulation_0196,simulation,V2MS,30,DS,What is the vertical height of the “skynova” lettering on the bottle in meters?,,0.05 m,0.05
498,simulation_0193,simulation,V2MC,30,DS,What is the diameter of the model of Callisto in meters?,,0.0001 m,0.0001
499,simulation_0193,simulation,V2MC,30,DS,What is the diameter of the model of Jupiter (the one at the center) in meters?,,0.0001 m,0.0001
500,simulation_0193,simulation,V2MC,30,DD,What is the average orbital speed of the model of Io in m/s?,,0.0001 m/s,0.0001
501,simulation_0193,simulation,V2MC,30,DD,What is the average orbital speed of the model of Europa in m/s?,,0.0001 m/s,0.0001
502,simulation_0193,simulation,V2MC,30,DD,What is the average orbital speed of the model of Ganymede in m/s?,,0.0001 m/s,0.0001
503,simulation_0193,simulation,V2MC,30,DS,What is the diameter of the model of Io in meters?,,0.0001 m,0.0001
504,simulation_0193,simulation,V2MC,30,DS,What is the diameter of the model of Europa in meters?,,0.0001 m,0.0001
505,simulation_0193,simulation,V2MC,30,DS,What is the diameter of the model of Ganymede in meters?,,0.0001 m,0.0001
506,simulation_0193,simulation,V2MC,30,DS,What is the orbital diameter of the Io model?,,1.2 km,1.2
507,simulation_0193,simulation,V2MC,30,DS,What is the orbital diameter of the Europa model?,,1.2 km,1.2
508,simulation_0193,simulation,V2MC,30,DS,What is the orbital diameter of the Ganymede model?,,1.2 km,1.2
509,simulation_0193,simulation,V2MC,30,DS,What is the orbital diameter of the Callisto model?,,12.0 cm,12.0
1896,simulation_0098_segmented,segmentaion,V2MX,24,DD,What is the average speed of the boat in m/s?,,0.00 m/s,0.0
1897,simulation_0098_segmented,segmentaion,V2MX,24,DS,What is the length of the boat in meters?,,12.0 m,12.0
1898,simulation_0098_segmented,segmentaion,V2MX,24,DS,What is the length of the shark in meters?,,1.2 m,1.2
1899,simulation_0098_segmented,segmentaion,V2MX,24,DS,What is the height of the shark in meters?,,0.35 m,0.35
1090,simulation_0009,simulation,V3MC,24,DS,What is the length of the boat in meters?,"t=0s, distance_boat_camera =11.827 m
t=1s, distance_boat_camera = 13.154 m
distance_pier_camera = 18.920 m
distance_stairs_camera = 23.125 m",2.5 m,2.5
1091,simulation_0009,simulation,V3MC,24,DS,What is the width of the boat in meters?,"t=0s, distance_boat_camera =11.827 m
t=1s, distance_boat_camera = 13.154 m
distance_pier_camera = 18.920 m
distance_stairs_camera = 23.125 m",2.1 m,2.1
1092,simulation_0009,simulation,V3MC,24,DS,What is the height of the boat in meters?,"t=0s, distance_boat_camera =11.827 m
t=1s, distance_boat_camera = 13.154 m
distance_pier_camera = 18.920 m
distance_stairs_camera = 23.125 m",1.2 m,1.2
1093,simulation_0009,simulation,V3MC,24,DS,What is the width of the wooden pier in meters?,"t=0s, distance_boat_camera =11.827 m
t=1s, distance_boat_camera = 13.154 m
distance_pier_camera = 18.920 m
distance_stairs_camera = 23.125 m",3.25 m,3.25
1094,simulation_0009,simulation,V3MC,24,DS,What is the length of the pier from the shore-side edge to the water-side edge in meters?,"t=0s, distance_boat_camera =11.827 m
t=1s, distance_boat_camera = 13.154 m
distance_pier_camera = 18.920 m
distance_stairs_camera = 23.125 m",3.25 m,3.25
1095,simulation_0009,simulation,V3MC,24,DS,"When t=3s, what is the minimum distance from the outer end of the pier to the boat in meters?","t=0s, distance_boat_camera =11.827 m
t=1s, distance_boat_camera = 13.154 m
distance_pier_camera = 18.920 m
distance_stairs_camera = 23.125 m",12.5 m,12.5
1096,simulation_0009,simulation,V3MC,24,DS,What is the width of the wooden steps in meters?,"t=0s, distance_boat_camera =11.827 m
t=1s, distance_boat_camera = 13.154 m
distance_pier_camera = 18.920 m
distance_stairs_camera = 23.125 m",1.25 m,1.25
1097,simulation_0009,simulation,V3MC,24,DS,What is the height of the pier deck above the water surface in meters?,"t=0s, distance_boat_camera =11.827 m
t=1s, distance_boat_camera = 13.154 m
distance_pier_camera = 18.920 m
distance_stairs_camera = 23.125 m",1.8,1.8
1098,simulation_0009,simulation,V3MC,24,DS,What is the height of the cabin floor above the ground in meters?,"t=0s, distance_boat_camera =11.827 m
t=1s, distance_boat_camera = 13.154 m
distance_pier_camera = 18.920 m
distance_stairs_camera = 23.125 m",2.3125 m,2.3125
1120,simulation_0015,simulation,S3MC,33,SS,What is the height of the central sculpture itself (excluding the pedestal) in meters?,"t=0s, distance_human_camera = 12.26 m
t=1s, distance_human_camera = 10.97 m
distance_the_pedestal_of_the_central _sculpture_and_camera = 9.460 m
distance_the centeral_sculpture_camera = 9.460 m
distance_the_nearest_freestanding_art_display_panel = 11.874 m",3.5 m,3.5
1121,simulation_0015,simulation,S3MC,33,SS,What is the width of the pedestal (square base) of the central sculpture in meters?,"t=0s, distance_human_camera = 12.26 m
t=1s, distance_human_camera = 10.97 m
distance_the_pedestal_of_the_central _sculpture_and_camera = 9.460 m
distance_the centeral_sculpture_camera = 9.460 m
distance_the_nearest_freestanding_art_display_panel = 11.874 m",2.45 m,2.45
1122,simulation_0015,simulation,S3MC,33,SS,What is the height of the pedestal (square base) of the central sculpture in meters?,"t=0s, distance_human_camera = 12.26 m
t=1s, distance_human_camera = 10.97 m
distance_the_pedestal_of_the_central _sculpture_and_camera = 9.460 m
distance_the centeral_sculpture_camera = 9.460 m
distance_the_nearest_freestanding_art_display_panel = 11.874 m",1.8 m,1.8
1123,simulation_0015,simulation,S3MC,33,SS,What is the width of the freestanding art display panel in meters?,"t=0s, distance_human_camera = 12.26 m
t=1s, distance_human_camera = 10.97 m
distance_the_pedestal_of_the_central _sculpture_and_camera = 9.460 m
distance_the centeral_sculpture_camera = 9.460 m
distance_the_nearest_freestanding_art_display_panel = 11.874 m",1.8 m,1.8
1124,simulation_0015,simulation,S3MC,33,SS,What is the height of the freestanding art display panel in meters?,"t=0s, distance_human_camera = 12.26 m
t=1s, distance_human_camera = 10.97 m
distance_the_pedestal_of_the_central _sculpture_and_camera = 9.460 m
distance_the centeral_sculpture_camera = 9.460 m
distance_the_nearest_freestanding_art_display_panel = 11.874 m",1.8 m,1.8
1125,simulation_0015,simulation,S3MC,33,SS,What is the height of the bench seat in the atrium in meters?,"t=0s, distance_human_camera = 12.26 m
t=1s, distance_human_camera = 10.97 m
distance_the_pedestal_of_the_central _sculpture_and_camera = 9.460 m
distance_the centeral_sculpture_camera = 9.460 m
distance_the_nearest_freestanding_art_display_panel = 11.874 m",0.85 m,0.85
1126,simulation_0015,simulation,S3MC,33,SS,What is the width of the bench seat in the atrium in meters?,"t=0s, distance_human_camera = 12.26 m
t=1s, distance_human_camera = 10.97 m
distance_the_pedestal_of_the_central _sculpture_and_camera = 9.460 m
distance_the centeral_sculpture_camera = 9.460 m
distance_the_nearest_freestanding_art_display_panel = 11.874 m",1.2 m,1.2
1127,simulation_0015,simulation,S3MC,33,SS,What is the length of the bench seat in the atrium in meters?,"t=0s, distance_human_camera = 12.26 m
t=1s, distance_human_camera = 10.97 m
distance_the_pedestal_of_the_central _sculpture_and_camera = 9.460 m
distance_the centeral_sculpture_camera = 9.460 m
distance_the_nearest_freestanding_art_display_panel = 11.874 m",2.5 m,2.5
1128,simulation_0015,simulation,S3MC,33,SS,What is the clear height from the floor to the underside of the open roof frame (lattice) in meters?,"t=0s, distance_human_camera = 12.26 m
t=1s, distance_human_camera = 10.97 m
distance_the_pedestal_of_the_central _sculpture_and_camera = 9.460 m
distance_the centeral_sculpture_camera = 9.460 m
distance_the_nearest_freestanding_art_display_panel = 11.874 m",12.5 m,12.5
1129,simulation_0015,simulation,S3MC,33,SS,What is the vertical depth (thickness) of the open roof frame (top edge to bottom edge) in meters?,"t=0s, distance_human_camera = 12.26 m
t=1s, distance_human_camera = 10.97 m
distance_the_pedestal_of_the_central _sculpture_and_camera = 9.460 m
distance_the centeral_sculpture_camera = 9.460 m
distance_the_nearest_freestanding_art_display_panel = 11.874 m",12.3 m,12.3
1130,simulation_0015,simulation,S3MC,33,SD,What is the average speed of the bird in m/s?,"t=0s, distance_human_camera = 12.26 m
t=1s, distance_human_camera = 10.97 m
distance_the_pedestal_of_the_central _sculpture_and_camera = 9.460 m
distance_the centeral_sculpture_camera = 9.460 m
distance_the_nearest_freestanding_art_display_panel = 11.874 m",0 m/s,0.0
1343,simulation_0060,simulation,A3MC,24,DD,What is the average speed of the yellow car in m/s？,"t=0.58s, distance_human_camera = 34.4785 m
t=1.58s, distance_human_camera = 35.6486 m
t=0.58s, distance_yellow_car_camera = 26.2275 m
t=1.58s, distance_yellow_car_camera = 28.4240 m
t=0.58s, distance_white_car_camera = 22.7254 m
t=1.58s, distance_white_car_camera = 21.5370 m
t=0.58s, distance_bike_camera = 23.5534 m
t=1.58s, distance_bike_camera = 23.2262 m",1.7 m/s,1.7
1344,simulation_0060,simulation,A3MC,24,DS,What is the width of the lane in meters?,"t=0.58s, distance_human_camera = 34.4785 m
t=1.58s, distance_human_camera = 35.6486 m
t=0.58s, distance_yellow_car_camera = 26.2275 m
t=1.58s, distance_yellow_car_camera = 28.4240 m
t=0.58s, distance_white_car_camera = 22.7254 m
t=1.58s, distance_white_car_camera = 21.5370 m
t=0.58s, distance_bike_camera = 23.5534 m
t=1.58s, distance_bike_camera = 23.2262 m",10.0 m,10.0
1345,simulation_0060,simulation,A3MC,24,DS,What is the length of the white car in meters？,"t=0.58s, distance_human_camera = 34.4785 m
t=1.58s, distance_human_camera = 35.6486 m
t=0.58s, distance_yellow_car_camera = 26.2275 m
t=1.58s, distance_yellow_car_camera = 28.4240 m
t=0.58s, distance_white_car_camera = 22.7254 m
t=1.58s, distance_white_car_camera = 21.5370 m
t=0.58s, distance_bike_camera = 23.5534 m
t=1.58s, distance_bike_camera = 23.2262 m",4.5 m,4.5
1346,simulation_0060,simulation,A3MC,24,DS,What is the length of the turning yellow car in meters?,"t=0.58s, distance_human_camera = 34.4785 m
t=1.58s, distance_human_camera = 35.6486 m
t=0.58s, distance_yellow_car_camera = 26.2275 m
t=1.58s, distance_yellow_car_camera = 28.4240 m
t=0.58s, distance_white_car_camera = 22.7254 m
t=1.58s, distance_white_car_camera = 21.5370 m
t=0.58s, distance_bike_camera = 23.5534 m
t=1.58s, distance_bike_camera = 23.2262 m",4.2 m,4.2
1347,simulation_0060,simulation,A3MC,24,DS,What is the height of the turning yellow car in meters?,"t=0.58s, distance_human_camera = 34.4785 m
t=1.58s, distance_human_camera = 35.6486 m
t=0.58s, distance_yellow_car_camera = 26.2275 m
t=1.58s, distance_yellow_car_camera = 28.4240 m
t=0.58s, distance_white_car_camera = 22.7254 m
t=1.58s, distance_white_car_camera = 21.5370 m
t=0.58s, distance_bike_camera = 23.5534 m
t=1.58s, distance_bike_camera = 23.2262 m",1.7 m,1.7
1348,simulation_0060,simulation,A3MC,24,DS,What is the diameter of the bicycle wheel in meters?,"t=0.58s, distance_human_camera = 34.4785 m
t=1.58s, distance_human_camera = 35.6486 m
t=0.58s, distance_yellow_car_camera = 26.2275 m
t=1.58s, distance_yellow_car_camera = 28.4240 m
t=0.58s, distance_white_car_camera = 22.7254 m
t=1.58s, distance_white_car_camera = 21.5370 m
t=0.58s, distance_bike_camera = 23.5534 m
t=1.58s, distance_bike_camera = 23.2262 m",0.64 m,0.64
1349,simulation_0060,simulation,A3MC,24,DD,What is the average speed of the walking pedestrian in m/s?,"t=0.58s, distance_human_camera = 34.4785 m
t=1.58s, distance_human_camera = 35.6486 m
t=0.58s, distance_yellow_car_camera = 26.2275 m
t=1.58s, distance_yellow_car_camera = 28.4240 m
t=0.58s, distance_white_car_camera = 22.7254 m
t=1.58s, distance_white_car_camera = 21.5370 m
t=0.58s, distance_bike_camera = 23.5534 m
t=1.58s, distance_bike_camera = 23.2262 m",0.45 m/s,0.45
1350,simulation_0060,simulation,A3MC,24,DS,What is the height of the walking pedestrian in meters?,"t=0.58s, distance_human_camera = 34.4785 m
t=1.58s, distance_human_camera = 35.6486 m
t=0.58s, distance_yellow_car_camera = 26.2275 m
t=1.58s, distance_yellow_car_camera = 28.4240 m
t=0.58s, distance_white_car_camera = 22.7254 m
t=1.58s, distance_white_car_camera = 21.5370 m
t=0.58s, distance_bike_camera = 23.5534 m
t=1.58s, distance_bike_camera = 23.2262 m",1.75 m,1.75
1351,simulation_0060,simulation,A3MC,24,DD,What is the average speed of the bicycle in m/s?,"t=0.58s, distance_human_camera = 34.4785 m
t=1.58s, distance_human_camera = 35.6486 m
t=0.58s, distance_yellow_car_camera = 26.2275 m
t=1.58s, distance_yellow_car_camera = 28.4240 m
t=0.58s, distance_white_car_camera = 22.7254 m
t=1.58s, distance_white_car_camera = 21.5370 m
t=0.58s, distance_bike_camera = 23.5534 m
t=1.58s, distance_bike_camera = 23.2262 m",1.2 m/s,1.2
1352,simulation_0060,simulation,A3MC,24,DS,What is the width of the green car in meters?,"t=0.58s, distance_human_camera = 34.4785 m
t=1.58s, distance_human_camera = 35.6486 m
t=0.58s, distance_yellow_car_camera = 26.2275 m
t=1.58s, distance_yellow_car_camera = 28.4240 m
t=0.58s, distance_white_car_camera = 22.7254 m
t=1.58s, distance_white_car_camera = 21.5370 m
t=0.58s, distance_bike_camera = 23.5534 m
t=1.58s, distance_bike_camera = 23.2262 m",1.8 m,1.8
1353,simulation_0060,simulation,A3MC,24,DS,What is the width of the purple car in meters?,"t=0.58s, distance_human_camera = 34.4785 m
t=1.58s, distance_human_camera = 35.6486 m
t=0.58s, distance_yellow_car_camera = 26.2275 m
t=1.58s, distance_yellow_car_camera = 28.4240 m
t=0.58s, distance_white_car_camera = 22.7254 m
t=1.58s, distance_white_car_camera = 21.5370 m
t=0.58s, distance_bike_camera = 23.5534 m
t=1.58s, distance_bike_camera = 23.2262 m",1.8 m,1.8
1354,simulation_0060,simulation,A3MC,24,DS,What is the height of three stacked trash bags in meters?,"t=0.58s, distance_human_camera = 34.4785 m
t=1.58s, distance_human_camera = 35.6486 m
t=0.58s, distance_yellow_car_camera = 26.2275 m
t=1.58s, distance_yellow_car_camera = 28.4240 m
t=0.58s, distance_white_car_camera = 22.7254 m
t=1.58s, distance_white_car_camera = 21.5370 m
t=0.58s, distance_bike_camera = 23.5534 m
t=1.58s, distance_bike_camera = 23.2262 m",0.35 m,0.35
1355,simulation_0060,simulation,A3MC,24,DS,What is the height of the trash can in meters?,"t=0.58s, distance_human_camera = 34.4785 m
t=1.58s, distance_human_camera = 35.6486 m
t=0.58s, distance_yellow_car_camera = 26.2275 m
t=1.58s, distance_yellow_car_camera = 28.4240 m
t=0.58s, distance_white_car_camera = 22.7254 m
t=1.58s, distance_white_car_camera = 21.5370 m
t=0.58s, distance_bike_camera = 23.5534 m
t=1.58s, distance_bike_camera = 23.2262 m",0.85 m,0.85
1547,simulation_0300,simulation,A3SX,24,DD,"What is the speed of the car at 1s, in m/s?","t = 1.0s, distance_car_camera = 17.8278 m
t = 2.0s, distance_car_camera = 23.1989 m",11.37 m/s,11.37
1548,simulation_0300,simulation,A3SX,24,DD,"What is the speed of the car at 2s, in m/s?","t = 1.0s, distance_car_camera = 17.8278 m
t = 2.0s, distance_car_camera = 23.1989 m",12.378 m/s,12.378
1549,simulation_0300,simulation,A3SX,24,DS,What is the length ((from the front to the back) of the car in meters?,"t = 1.0s, distance_car_camera = 17.8278 m
t = 2.0s, distance_car_camera = 23.1989 m",2.5 m,2.5
1550,simulation_0300,simulation,A3SX,24,DS,What is the width (from the left wheel to the right wheel) of the car in meters?,"t = 1.0s, distance_car_camera = 17.8278 m
t = 2.0s, distance_car_camera = 23.1989 m",2.0 m,2.0
1551,simulation_0300,simulation,A3SX,24,DS,What is the height of the car in meters?,"t = 1.0s, distance_car_camera = 17.8278 m
t = 2.0s, distance_car_camera = 23.1989 m",1.25 m,1.25
1989,simulation_0170_segmented,segmentaion,S3SX,24,SD,What is the speed of the astronaut at time 0.5s in m/s?,"t=1s, distance_astronaut_camera = 23.137 m",0.000 m/s,0.0
1990,simulation_0170_segmented,segmentaion,S3SX,24,SD,What is the acceleration of the astronaut at time 0.5s in m/s^2?,"t=1s, distance_astronaut_camera = 23.137 m",0.0 m/s^2,2.0
1991,simulation_0170_segmented,segmentaion,S3SX,24,SD,What is the speed of the astronaut at time 1s in m/s?,"t=1s, distance_astronaut_camera = 23.137 m",23.137 m/s,23.137
1992,simulation_0170_segmented,segmentaion,S3SX,24,SD,What is the acceleration of the astronaut at time 1s in m/s^2?,"t=1s, distance_astronaut_camera = 23.137 m",0.0 m/s^2,2.0
1993,simulation_0170_segmented,segmentaion,S3SX,24,SD,What is the speed of the astronaut at time 2s in m/s?,"t=1s, distance_astronaut_camera = 23.137 m",0.000 m/s,0.0
1994,simulation_0170_segmented,segmentaion,S3SX,24,SD,What is the acceleration of the astronaut at time 2s in m/s^2?,"t=1s, distance_astronaut_camera = 23.137 m",0.0 m/s^2,2.0
1995,simulation_0170_segmented,segmentaion,S3SX,24,SD,What is the speed of the astronaut at time 3s in m/s?,"t=1s, distance_astronaut_camera = 23.137 m",0.000 m/s,0.0
1996,simulation_0170_segmented,segmentaion,S3SX,24,SD,What is the acceleration of the astronaut at time 3s in m/s^2?,"t=1s, distance_astronaut_camera = 23.137 m",0.0 m/s^2,2.0
1828,simulation_0034_segmented,segmentaion,S3MX,24,SD,What is the average speed of the boat in m/s?,"t=1s, distance_boat_camera = 96.8995 m
t=2s, distance_boat_camera = 92.8490 m
t=1s, distance_human_camera = 92.1861 m
t=2s, distance_human_camera = 92.1960 m
t=1s, distance_eagle_camera = 91.6867 m
t=2s, distance_eagle_camera = 103.4262 m",-4.05 m/s,4.05
1829,simulation_0034_segmented,segmentaion,S3MX,24,SS,What is the height of the boat in meters?,"t=1s, distance_boat_camera = 96.8995 m
t=2s, distance_boat_camera = 92.8490 m
t=1s, distance_human_camera = 92.1861 m
t=2s, distance_human_camera = 92.1960 m
t=1s, distance_eagle_camera = 91.6867 m
t=2s, distance_eagle_camera = 103.4262 m",12.0 m,12.0
1830,simulation_0034_segmented,segmentaion,S3MX,24,SS,What is the width of the boat in meters?,"t=1s, distance_boat_camera = 96.8995 m
t=2s, distance_boat_camera = 92.8490 m
t=1s, distance_human_camera = 92.1861 m
t=2s, distance_human_camera = 92.1960 m
t=1s, distance_eagle_camera = 91.6867 m
t=2s, distance_eagle_camera = 103.4262 m",10.0 m,10.0
1831,simulation_0034_segmented,segmentaion,S3MX,24,SD,What is the average speed of the person in m/s?,"t=1s, distance_boat_camera = 96.8995 m
t=2s, distance_boat_camera = 92.8490 m
t=1s, distance_human_camera = 92.1861 m
t=2s, distance_human_camera = 92.1960 m
t=1s, distance_eagle_camera = 91.6867 m
t=2s, distance_eagle_camera = 103.4262 m",0.0001 m/s,0.0001
1832,simulation_0034_segmented,segmentaion,S3MX,24,SS,What is the eagle’s wingspan (the distance from the tip of one wing to the tip of the other when fully spread) in meters?,"t=1s, distance_boat_camera = 96.8995 m
t=2s, distance_boat_camera = 92.8490 m
t=1s, distance_human_camera = 92.1861 m
t=2s, distance_human_camera = 92.1960 m
t=1s, distance_eagle_camera = 91.6867 m
t=2s, distance_eagle_camera = 103.4262 m",1.74 m,1.74
1833,simulation_0034_segmented,segmentaion,S3MX,24,SD,What is the average speed of the eagle in m/s?,"t=1s, distance_boat_camera = 96.8995 m
t=2s, distance_boat_camera = 92.8490 m
t=1s, distance_human_camera = 92.1861 m
t=2s, distance_human_camera = 92.1960 m
t=1s, distance_eagle_camera = 91.6867 m
t=2s, distance_eagle_camera = 103.4262 m",10.86 m/s,10.86
2520,captured_0021x,lab,S3SX,24,SD,What is the velocity of the ping pong ball at 1.2s in cm/s?,"t=1.0s, distance_pingpong_camera=1.511 m
t=1.4s, distance_pingpong_camera=1.03 m",120 cm/s,120.0
2521,captured_0021x,lab,S3SX,24,SD,What is the velocity of the ping pong ball at 1.4s in cm/s?,"t=1.0s, distance_pingpong_camera=1.511 m
t=1.4s, distance_pingpong_camera=1.03 m",127.5 cm/s,127.5
2522,captured_0021x,lab,S3SX,24,SS,What is the displacement of the ping pong ball between 1.0s and 1.4s in cm?,"t=1.0s, distance_pingpong_camera=1.511 m
t=1.4s, distance_pingpong_camera=1.03 m",41.5 cm,41.5
2523,captured_0021x,lab,S3SX,24,SS,What is the width of the table in cm?,"t=1.0s, distance_pingpong_camera=1.511 m
t=1.4s, distance_pingpong_camera=1.03 m",120 cm,120.0
2524,captured_0021x,lab,S3SX,24,SS,What is the length of the table in cm?,"t=1.0s, distance_pingpong_camera=1.511 m
t=1.4s, distance_pingpong_camera=1.03 m",120 cm,120.0
2345,captured_0013,lab,A3MC,24,DS,What is the height of the cup in cm? ,"t=0s, distance_cup_camera = 1.2100 m
t=0s, distance_pen_camera = 1.1750 m
t=0s, distance_cookie_camera = 1.1820 m
t=0s, distance_note_book_camera = 0.9620 m
t=0s, distance_desk_left_camera = 0.8690 m
t=0s, distance_desk_right_camera = 0.8520 m
t=0s, distance_slope_far_camera = 1.3450 m
t=0s, distance_slope_near_camera = 1.1040 m",14.5 cm,14.5
2346,captured_0013,lab,A3MC,24,DS,What is the length of the pen in cm? ,"t=0s, distance_cup_camera = 1.2100 m
t=0s, distance_pen_camera = 1.1750 m
t=0s, distance_cookie_camera = 1.1820 m
t=0s, distance_note_book_camera = 0.9620 m
t=0s, distance_desk_left_camera = 0.8690 m
t=0s, distance_desk_right_camera = 0.8520 m
t=0s, distance_slope_far_camera = 1.3450 m
t=0s, distance_slope_near_camera = 1.1040 m",12.5 cm,12.5
2347,captured_0013,lab,A3MC,24,DS,What is the diameter of the cookie in cm? ,"t=0s, distance_cup_camera = 1.2100 m
t=0s, distance_pen_camera = 1.1750 m
t=0s, distance_cookie_camera = 1.1820 m
t=0s, distance_note_book_camera = 0.9620 m
t=0s, distance_desk_left_camera = 0.8690 m
t=0s, distance_desk_right_camera = 0.8520 m
t=0s, distance_slope_far_camera = 1.3450 m
t=0s, distance_slope_near_camera = 1.1040 m",12.5 cm,12.5
2348,captured_0013,lab,A3MC,24,DS,What is the width of the note book in cm? ,"t=0s, distance_cup_camera = 1.2100 m
t=0s, distance_pen_camera = 1.1750 m
t=0s, distance_cookie_camera = 1.1820 m
t=0s, distance_note_book_camera = 0.9620 m
t=0s, distance_desk_left_camera = 0.8690 m
t=0s, distance_desk_right_camera = 0.8520 m
t=0s, distance_slope_far_camera = 1.3450 m
t=0s, distance_slope_near_camera = 1.1040 m",15.0 cm,15.0
2349,captured_0013,lab,A3MC,24,DS,What is the width of the desk in cm? ,"t=0s, distance_cup_camera = 1.2100 m
t=0s, distance_pen_camera = 1.1750 m
t=0s, distance_cookie_camera = 1.1820 m
t=0s, distance_note_book_camera = 0.9620 m
t=0s, distance_desk_left_camera = 0.8690 m
t=0s, distance_desk_right_camera = 0.8520 m
t=0s, distance_slope_far_camera = 1.3450 m
t=0s, distance_slope_near_camera = 1.1040 m",86 cm,86.0
2350,captured_0013,lab,A3MC,24,DS,What is the length of the slope in cm?,"t=0s, distance_cup_camera = 1.2100 m
t=0s, distance_pen_camera = 1.1750 m
t=0s, distance_cookie_camera = 1.1820 m
t=0s, distance_note_book_camera = 0.9620 m
t=0s, distance_desk_left_camera = 0.8690 m
t=0s, distance_desk_right_camera = 0.8520 m
t=0s, distance_slope_far_camera = 1.3450 m
t=0s, distance_slope_near_camera = 1.1040 m",24.1 cm,24.1
2351,captured_0013,lab,A3MC,24,DS,What is the diameter of the ball in cm? ,"t=0s, distance_cup_camera = 1.2100 m
t=0s, distance_pen_camera = 1.1750 m
t=0s, distance_cookie_camera = 1.1820 m
t=0s, distance_note_book_camera = 0.9620 m
t=0s, distance_desk_left_camera = 0.8690 m
t=0s, distance_desk_right_camera = 0.8520 m
t=0s, distance_slope_far_camera = 1.3450 m
t=0s, distance_slope_near_camera = 1.1040 m",12.5 cm,12.5
2352,captured_0013,lab,A3MC,24,DD,What is the velolicty of the ball at 1.5s in cm/s? ,"t=0s, distance_cup_camera = 1.2100 m
t=0s, distance_pen_camera = 1.1750 m
t=0s, distance_cookie_camera = 1.1820 m
t=0s, distance_note_book_camera = 0.9620 m
t=0s, distance_desk_left_camera = 0.8690 m
t=0s, distance_desk_right_camera = 0.8520 m
t=0s, distance_slope_far_camera = 1.3450 m
t=0s, distance_slope_near_camera = 1.1040 m",12.5 cm/s,12.5
2604,captured_0027s,lab,S3SS,24,SD,What is the velocity of the red ball at 0.2s in cm/s?,"t=0.2s, distance_book_camera=1.0995 m
t=0.6s, distance_book_camera=1.1510 m
distance_person_left_camera=1.2750 m
distance_person_right_camera=1.2305 m",0 cm/s,0.0
2605,captured_0027s,lab,S3SS,24,SD,What is the velocity of the red ball at 0.6s in cm/s?,"t=0.2s, distance_book_camera=1.0995 m
t=0.6s, distance_book_camera=1.1510 m
distance_person_left_camera=1.2750 m
distance_person_right_camera=1.2305 m",10.5 cm/s,10.5
2606,captured_0027s,lab,S3SS,24,SD,What is the acceleration of the red ball at 0.2s in cm/s^2?,"t=0.2s, distance_book_camera=1.0995 m
t=0.6s, distance_book_camera=1.1510 m
distance_person_left_camera=1.2750 m
distance_person_right_camera=1.2305 m",980 cm/s^2,2.0
2607,captured_0027s,lab,S3SS,24,SS,What is the shoulder breadth of the person in cm?,"t=0.2s, distance_book_camera=1.0995 m
t=0.6s, distance_book_camera=1.1510 m
distance_person_left_camera=1.2750 m
distance_person_right_camera=1.2305 m",52 cm,52.0
2714,captured_0034as,lab,S3MS,24,SD,What is the velocity of the left tennis ball at 1.2s in cm/s?,"t=1.2s, distance_right_tennis_ball_camera = 0.7760 m
t=1.2s, distance_left_tennis_ball_camera = 0.7060 m
distance_pencil_bag_camera = 1.0500 m
distance_soccer_ball_camera = 0.8940 m",12.5 cm/s,12.5
2715,captured_0034as,lab,S3MS,24,SD,What is the velocity of the right tennis ball at 1.2s in cm/s?,"t=1.2s, distance_right_tennis_ball_camera = 0.7760 m
t=1.2s, distance_left_tennis_ball_camera = 0.7060 m
distance_pencil_bag_camera = 1.0500 m
distance_soccer_ball_camera = 0.8940 m",17.2 cm/s,17.2
2716,captured_0034as,lab,S3MS,24,SS,What is the height of the pencil bag in cm?,"t=1.2s, distance_right_tennis_ball_camera = 0.7760 m
t=1.2s, distance_left_tennis_ball_camera = 0.7060 m
distance_pencil_bag_camera = 1.0500 m
distance_soccer_ball_camera = 0.8940 m",15.0 cm,15.0
2717,captured_0034as,lab,S3MS,24,SS,What is the length of the pencil bag in cm?,"t=1.2s, distance_right_tennis_ball_camera = 0.7760 m
t=1.2s, distance_left_tennis_ball_camera = 0.7060 m
distance_pencil_bag_camera = 1.0500 m
distance_soccer_ball_camera = 0.8940 m",15.0 cm,15.0
2718,captured_0034as,lab,S3MS,24,SS,What is the diameter of the soccer ball in cm?,"t=1.2s, distance_right_tennis_ball_camera = 0.7760 m
t=1.2s, distance_left_tennis_ball_camera = 0.7060 m
distance_pencil_bag_camera = 1.0500 m
distance_soccer_ball_camera = 0.8940 m",21.5 cm,21.5
2719,captured_0034as,lab,S3MS,24,SD,What is the velocity of the left tennis ball at 1.3s in cm/s?,"t=1.2s, distance_right_tennis_ball_camera = 0.7760 m
t=1.2s, distance_left_tennis_ball_camera = 0.7060 m
distance_pencil_bag_camera = 1.0500 m
distance_soccer_ball_camera = 0.8940 m",12.5 cm/s,12.5
2720,captured_0034as,lab,S3MS,24,SD,What is the velocity of the right tennis ball at 1.3s in cm/s?,"t=1.2s, distance_right_tennis_ball_camera = 0.7760 m
t=1.2s, distance_left_tennis_ball_camera = 0.7060 m
distance_pencil_bag_camera = 1.0500 m
distance_soccer_ball_camera = 0.8940 m",12.5 cm/s,12.5
2721,captured_0034as,lab,S3MS,24,SS,What is the total distance traveled by the left tennis ball in cm?,"t=1.2s, distance_right_tennis_ball_camera = 0.7760 m
t=1.2s, distance_left_tennis_ball_camera = 0.7060 m
distance_pencil_bag_camera = 1.0500 m
distance_soccer_ball_camera = 0.8940 m",37.0 cm,37.0
2722,captured_0034as,lab,S3MS,24,SS,What is the total distance traveled by the right tennis ball in cm?,"t=1.2s, distance_right_tennis_ball_camera = 0.7760 m
t=1.2s, distance_left_tennis_ball_camera = 0.7060 m
distance_pencil_bag_camera = 1.0500 m
distance_soccer_ball_camera = 0.8940 m",17.0 cm,17.0
2915,captured_0041x,lab,V3SX,24,DS,What is the soccer ball's diameter in cm? ,"t=1.5s, distance_soccer_ball_camera = 2.5440 m
t=1.6s, distance_soccer_ball_camera = 2.0740 m",22.0 cm,22.0
2916,captured_0041x,lab,V3SX,24,DS,What is the soccer ball's diasplacement between 1.5s and 1.6s in meters? ,"t=1.5s, distance_soccer_ball_camera = 2.5440 m
t=1.6s, distance_soccer_ball_camera = 2.0740 m",0.47 m,0.47
2917,captured_0041x,lab,V3SX,24,DS,What is the distance from the soccerball to the person at 1.5s in meters? ,"t=1.5s, distance_soccer_ball_camera = 2.5440 m
t=1.6s, distance_soccer_ball_camera = 2.0740 m",0.470 m,0.47
3047,captured_0061,lab,V3MC,24,DS,What is the diameter of the yoga ball in cm? ,"t=0.6s, distance_yoga_ball_camera = 2.1330 m
t=1.1s, distance_basketball_camera = 2.4200 m
t=1.6s, distance_basketball_camera = 1.9015 m
t=0.6s, distance_soccer_ball_camera = 1.9370 m
t=0.9s, distance_soccer_ball_camera = 1.5850 m",65 cm,65.0
3048,captured_0061,lab,V3MC,24,DS,What is the diameter of the soccer ball in cm? ,"t=0.6s, distance_yoga_ball_camera = 2.1330 m
t=1.1s, distance_basketball_camera = 2.4200 m
t=1.6s, distance_basketball_camera = 1.9015 m
t=0.6s, distance_soccer_ball_camera = 1.9370 m
t=0.9s, distance_soccer_ball_camera = 1.5850 m",21.5 cm,21.5
3049,captured_0061,lab,V3MC,24,DS,What is the distance between the soccer ball and the basketball at 2.0s in meters?,"t=0.6s, distance_yoga_ball_camera = 2.1330 m
t=1.1s, distance_basketball_camera = 2.4200 m
t=1.6s, distance_basketball_camera = 1.9015 m
t=0.6s, distance_soccer_ball_camera = 1.9370 m
t=0.9s, distance_soccer_ball_camera = 1.5850 m",3.45 m,3.45
3050,captured_0061,lab,V3MC,24,DS,What is the distance between the basketball and the yoga ball at 2.0s in meters?,"t=0.6s, distance_yoga_ball_camera = 2.1330 m
t=1.1s, distance_basketball_camera = 2.4200 m
t=1.6s, distance_basketball_camera = 1.9015 m
t=0.6s, distance_soccer_ball_camera = 1.9370 m
t=0.9s, distance_soccer_ball_camera = 1.5850 m",1.45 m,1.45
3051,captured_0061,lab,V3MC,24,DS,What is the distance between the soccer ball and the floor at 2.0s in meters?,"t=0.6s, distance_yoga_ball_camera = 2.1330 m
t=1.1s, distance_basketball_camera = 2.4200 m
t=1.6s, distance_basketball_camera = 1.9015 m
t=0.6s, distance_soccer_ball_camera = 1.9370 m
t=0.9s, distance_soccer_ball_camera = 1.5850 m",0.55,0.55
3052,captured_0061,lab,V3MC,24,DD,What is the velocity of the soccer ball at 0.6s in m/s?,"t=0.6s, distance_yoga_ball_camera = 2.1330 m
t=1.1s, distance_basketball_camera = 2.4200 m
t=1.6s, distance_basketball_camera = 1.9015 m
t=0.6s, distance_soccer_ball_camera = 1.9370 m
t=0.9s, distance_soccer_ball_camera = 1.5850 m",1.937,1.937
3053,captured_0061,lab,V3MC,24,DD,What is the velocity of the soccer ball at 0.9s in m/s?,"t=0.6s, distance_yoga_ball_camera = 2.1330 m
t=1.1s, distance_basketball_camera = 2.4200 m
t=1.6s, distance_basketball_camera = 1.9015 m
t=0.6s, distance_soccer_ball_camera = 1.9370 m
t=0.9s, distance_soccer_ball_camera = 1.5850 m",1.585 m/s,1.585
3054,captured_0061,lab,V3MC,24,DD,What is the velocity of the basketball at 1.1s in m/s?,"t=0.6s, distance_yoga_ball_camera = 2.1330 m
t=1.1s, distance_basketball_camera = 2.4200 m
t=1.6s, distance_basketball_camera = 1.9015 m
t=0.6s, distance_soccer_ball_camera = 1.9370 m
t=0.9s, distance_soccer_ball_camera = 1.5850 m",1.71,1.71
3055,captured_0061,lab,V3MC,24,DD,What is the velocity of the basketball at 1.6s in m/s?,"t=0.6s, distance_yoga_ball_camera = 2.1330 m
t=1.1s, distance_basketball_camera = 2.4200 m
t=1.6s, distance_basketball_camera = 1.9015 m
t=0.6s, distance_soccer_ball_camera = 1.9370 m
t=0.9s, distance_soccer_ball_camera = 1.5850 m",1.9015 m/s,1.9015
